Method,Job,AnalyzeLaunchVariance,EvaluateOverhead,MaxAbsoluteError,MaxRelativeError,MinInvokeCount,MinIterationTime,OutlierMode,Affinity,EnvironmentVariables,Jit,LargeAddressAware,Platform,PowerPlanMode,Runtime,AllowVeryLargeObjects,Concurrent,CpuGroups,Force,HeapAffinitizeMask,HeapCount,NoAffinitize,RetainVm,Server,Arguments,BuildConfiguration,Clock,EngineFactory,NuGetReferences,Toolchain,IsMutator,InvocationCount,IterationCount,IterationTime,LaunchCount,MaxIterationCount,MaxWarmupIterationCount,MemoryRandomization,MinIterationCount,MinWarmupIterationCount,RunStrategy,UnrollFactor,WarmupCount,ChunkCount,Mean,Error,StdDev,Median,Gen0,Gen1,Gen2,Allocated
ProcessSmallChunks,DefaultJob,False,Default,Default,Default,Default,Default,Default,00000000000,Empty,RyuJit,Default,Arm64,8c5e7fda-e8bf-4a96-9a85-a6e23a8c635c,.NET 10.0,False,True,False,True,Default,Default,False,False,False,Default,Default,Default,Default,Default,Default,Default,Default,Default,Default,Default,Default,Default,Default,Default,Default,Default,16,Default,100,23.373 μs,0.4444 μs,0.5118 μs,23.086 μs,7.1411,0.3357,0.0000,58.34 KB
ProcessNormalChunks,DefaultJob,False,Default,Default,Default,Default,Default,Default,00000000000,Empty,RyuJit,Default,Arm64,8c5e7fda-e8bf-4a96-9a85-a6e23a8c635c,.NET 10.0,False,True,False,True,Default,Default,False,False,False,Default,Default,Default,Default,Default,Default,Default,Default,Default,Default,Default,Default,Default,Default,Default,Default,Default,16,Default,100,8.665 μs,0.1653 μs,0.1697 μs,8.628 μs,3.5858,0.1526,0.0000,29.41 KB
ProcessMarkdownChunks,DefaultJob,False,Default,Default,Default,Default,Default,Default,00000000000,Empty,RyuJit,Default,Arm64,8c5e7fda-e8bf-4a96-9a85-a6e23a8c635c,.NET 10.0,False,True,False,True,Default,Default,False,False,False,Default,Default,Default,Default,Default,Default,Default,Default,Default,Default,Default,Default,Default,Default,Default,Default,Default,16,Default,100,128.910 μs,2.5196 μs,2.6959 μs,127.535 μs,28.0762,2.6855,0.0000,230.74 KB
ProcessProgressiveStream,DefaultJob,False,Default,Default,Default,Default,Default,Default,00000000000,Empty,RyuJit,Default,Arm64,8c5e7fda-e8bf-4a96-9a85-a6e23a8c635c,.NET 10.0,False,True,False,True,Default,Default,False,False,False,Default,Default,Default,Default,Default,Default,Default,Default,Default,Default,Default,Default,Default,Default,Default,Default,Default,16,Default,100,114.189 μs,2.2130 μs,2.6345 μs,112.846 μs,86.9141,8.7891,0.0000,711.79 KB
ProcessSmallChunks,DefaultJob,False,Default,Default,Default,Default,Default,Default,00000000000,Empty,RyuJit,Default,Arm64,8c5e7fda-e8bf-4a96-9a85-a6e23a8c635c,.NET 10.0,False,True,False,True,Default,Default,False,False,False,Default,Default,Default,Default,Default,Default,Default,Default,Default,Default,Default,Default,Default,Default,Default,Default,Default,16,Default,500,23.253 μs,0.4527 μs,0.4446 μs,23.050 μs,7.1411,0.3357,0.0000,58.34 KB
ProcessNormalChunks,DefaultJob,False,Default,Default,Default,Default,Default,Default,00000000000,Empty,RyuJit,Default,Arm64,8c5e7fda-e8bf-4a96-9a85-a6e23a8c635c,.NET 10.0,False,True,False,True,Default,Default,False,False,False,Default,Default,Default,Default,Default,Default,Default,Default,Default,Default,Default,Default,Default,Default,Default,Default,Default,16,Default,500,8.648 μs,0.1600 μs,0.1497 μs,8.585 μs,3.5858,0.1526,0.0000,29.41 KB
ProcessMarkdownChunks,DefaultJob,False,Default,Default,Default,Default,Default,Default,00000000000,Empty,RyuJit,Default,Arm64,8c5e7fda-e8bf-4a96-9a85-a6e23a8c635c,.NET 10.0,False,True,False,True,Default,Default,False,False,False,Default,Default,Default,Default,Default,Default,Default,Default,Default,Default,Default,Default,Default,Default,Default,Default,Default,16,Default,500,128.876 μs,2.5530 μs,3.2288 μs,126.969 μs,28.0762,2.6855,0.0000,230.74 KB
ProcessProgressiveStream,DefaultJob,False,Default,Default,Default,Default,Default,Default,00000000000,Empty,RyuJit,Default,Arm64,8c5e7fda-e8bf-4a96-9a85-a6e23a8c635c,.NET 10.0,False,True,False,True,Default,Default,False,False,False,Default,Default,Default,Default,Default,Default,Default,Default,Default,Default,Default,Default,Default,Default,Default,Default,Default,16,Default,500,"1,398.387 μs",9.7187 μs,8.1155 μs,"1,394.832 μs",1750.0000,361.3281,44.9219,14335.58 KB
ProcessSmallChunks,DefaultJob,False,Default,Default,Default,Default,Default,Default,00000000000,Empty,RyuJit,Default,Arm64,8c5e7fda-e8bf-4a96-9a85-a6e23a8c635c,.NET 10.0,False,True,False,True,Default,Default,False,False,False,Default,Default,Default,Default,Default,Default,Default,Default,Default,Default,Default,Default,Default,Default,Default,Default,Default,16,Default,1000,23.245 μs,0.4634 μs,0.5861 μs,22.935 μs,7.1411,0.3357,0.0000,58.34 KB
ProcessNormalChunks,DefaultJob,False,Default,Default,Default,Default,Default,Default,00000000000,Empty,RyuJit,Default,Arm64,8c5e7fda-e8bf-4a96-9a85-a6e23a8c635c,.NET 10.0,False,True,False,True,Default,Default,False,False,False,Default,Default,Default,Default,Default,Default,Default,Default,Default,Default,Default,Default,Default,Default,Default,Default,Default,16,Default,1000,8.579 μs,0.1238 μs,0.1034 μs,8.553 μs,3.5858,0.1526,0.0000,29.41 KB
ProcessMarkdownChunks,DefaultJob,False,Default,Default,Default,Default,Default,Default,00000000000,Empty,RyuJit,Default,Arm64,8c5e7fda-e8bf-4a96-9a85-a6e23a8c635c,.NET 10.0,False,True,False,True,Default,Default,False,False,False,Default,Default,Default,Default,Default,Default,Default,Default,Default,Default,Default,Default,Default,Default,Default,Default,Default,16,Default,1000,127.966 μs,1.9991 μs,1.8699 μs,127.150 μs,28.0762,2.6855,0.0000,230.74 KB
ProcessProgressiveStream,DefaultJob,False,Default,Default,Default,Default,Default,Default,00000000000,Empty,RyuJit,Default,Arm64,8c5e7fda-e8bf-4a96-9a85-a6e23a8c635c,.NET 10.0,False,True,False,True,Default,Default,False,False,False,Default,Default,Default,Default,Default,Default,Default,Default,Default,Default,Default,Default,Default,Default,Default,Default,Default,16,Default,1000,"4,551.462 μs",27.0847 μs,21.1459 μs,"4,546.646 μs",6820.3125,93.7500,15.6250,55976.33 KB
